"ID","Category","Acceptance gate","Status","Evidence reference","Notes"
"G-001","Data model","Asset retains every required field, UUID key, and meaning.","PASS","db/schema.cds; docs/assessment/assumptions-and-data-model.md; docs/evidence/cap-compile.log","Model and compile evidence confirm required fields."
"G-002","Data model","AllocationHistory retains required fields, UUID key, and nullable returnedDate.","PASS","db/schema.cds; docs/assessment/assumptions-and-data-model.md; docs/evidence/cap-compile.log","Model and compile evidence confirm fields and relationship."
"G-003","Data model","Asset relationship is a genuine CDS association; generated foreign key and additions are documented.","PASS","db/schema.cds; docs/assessment/assumptions-and-data-model.md; docs/assessment/service-definition.md; docs/evidence/cap-compile.log","Managed association foreign key asset_assetID is documented."
"G-004","CAP service","CAP model and service compile.","PASS","docs/evidence/cap-compile.log","Compile completed successfully."
"G-005","Execution","Application starts with persistent local storage using documented setup.","PASS","README.md; docs/evidence/local-db-deploy.log; docs/evidence/local-run.log","SQLite schema was deployed and app started; process-restart persistence was not tested."
"G-006","Asset CRUD","Admin can register/read/search/filter/update permitted asset data.","NOT RUN","docs/evidence/backend-tests.log; docs/evidence/ui-admin-inventory-final.png","Create/read/name update and UI registration passed; full inventory query walkthrough not recorded."
"G-007","Asset CRUD","Deletion is safe and history is retained or retired.","PASS","docs/evidence/backend-tests.log","Physical deletion is guarded; historical asset retirement is tested."
"G-008","Allocation","Allocation sets Allocated and assignee, creating exactly one active history row.","PASS","docs/evidence/backend-tests.log; docs/evidence/ui-admin-allocation-history.png; docs/evidence/local-run.log","Backend and UI confirmed one active assignment and trusted employee identity."
"G-009","Allocation","Duplicate and ineligible allocations fail cleanly.","PASS","docs/evidence/backend-tests.log","Duplicate, maintenance, and retired cases are rejected."
"G-010","Concurrency","Concurrent allocation produces one winner and no duplicate active history.","PASS","docs/evidence/backend-tests.log","Two concurrent requests resulted in one allocation and one conflict."
"G-011","Return","Return closes correct history, clears assignee, restores Available, and preserves history.","PASS","docs/evidence/backend-tests.log; docs/evidence/ui-admin-returned-history.png; docs/evidence/ui-admin-persisted-detail.png","Backend/UI return succeeded; created row and history remained after browser refresh."
"G-012","Return","Invalid/repeated returns fail without partial changes.","PASS","docs/evidence/backend-tests.log","Repeated return returned conflict without state change."
"G-013","Renewal","Software renewal validates date and recalculates compliance immediately.","PASS","docs/evidence/backend-tests.log; docs/evidence/ui-admin-renewal.png","Backend and browser renewal passed."
"G-014","Retirement","Retirement preserves history, blocks future allocation, and rejects allocated asset.","PASS","docs/evidence/backend-tests.log","Backend lifecycle tests passed; UI retirement not exercised."
"G-015","Compliance dates","Expired, expiring, today, missing, day-30, and day-31 rules are consistent.","PASS","docs/evidence/backend-tests.log; docs/evidence/ui-compliance-alerts-final.png","Fixed-date boundary tests and distinct UI categories are recorded."
"G-016","Compliance types","Hardware warranty alerts are distinct from software license alerts.","PASS","docs/evidence/backend-tests.log; docs/evidence/ui-compliance-alerts-final.png","Backend and UI separate categories."
"G-017","Idle assets","Idle uses latest return/purchase date, threshold, and excludes ineligible statuses.","PASS","docs/evidence/backend-tests.log; docs/evidence/ui-compliance-alerts-final.png","Tests verify day-30/day-31 and status exclusions."
"G-018","Validation","Required fields, types, statuses, dates, existence, and transitions are validated.","PASS","docs/evidence/backend-tests.log","Invalid registration, renewal, and lifecycle cases are tested."
"G-019","Lifecycle integrity","Generic CRUD/history requests cannot bypass lifecycle actions.","PASS","docs/evidence/backend-tests.log","Forbidden asset upsert/lifecycle patches and history mutations are tested."
"G-020","Persistence","Local/deployed persistence differences are documented and verified as permitted.","NOT RUN","README.md; docs/deployment.md; docs/evidence/ui-admin-persisted-detail.png","Browser refresh was verified; server restart and deployed persistence were not."
"G-021","Employee access","Employee sees only their own assigned assets in UI and API.","PASS","docs/evidence/backend-tests.log; docs/evidence/ui-employee-my-assets.png","Two-user API isolation tests and Alex view are recorded."
"G-022","Employee access","Employee cannot access other assignments/history or mutate lifecycle by direct API.","PASS","docs/evidence/backend-tests.log","Direct role denials and widened-filter identity test passed."
"G-023","Compliance access","Compliance Manager can access alerts and only documented data.","PASS","docs/evidence/backend-tests.log; docs/evidence/ui-compliance-alerts-final.png","Backend role denials and compliance view are recorded."
"G-024","IT Admin access","Admin can perform documented inventory/lifecycle operations.","PASS","docs/evidence/backend-tests.log; docs/evidence/ui-admin-allocation-history.png; docs/evidence/ui-admin-renewal.png","Backend lifecycle coverage passed; UI disposal was not exercised."
"G-025","Authorization","Unauthenticated/unauthorized requests receive appropriate denials.","PASS","docs/evidence/backend-tests.log","401 and 403 responses were asserted."
"G-026","Authorization","Backend policies enforce roles and direct API boundaries.","PASS","srv/asset-management-service.cds; srv/asset-management-service.js; docs/evidence/backend-tests.log","CAP role restrictions and handler identity checks are tested."
"G-027","UI inventory","UI supports server-side search, filters, lifecycle status, and paging at scale.","NOT RUN","app/controller/App.controller.js; docs/assessment/test-case-sheet.csv","Source builds bounded OData queries; broad inventory search/filter/paging was not exercised."
"G-028","UI detail","Master-detail page shows asset data and allocation history.","PASS","docs/evidence/ui-admin-allocation-history.png; docs/evidence/ui-admin-persisted-detail.png","UI detail/history was opened and captured."
"G-029","UI employee","My Assets is filtered by authenticated identity.","PASS","docs/evidence/ui-employee-my-assets.png; docs/evidence/backend-tests.log","Alex saw only Alex's assigned laptop; backend identity isolation passed."
"G-030","UI admin","Admin UI supports registration, edits, allocation, return, renewal, retirement.","NOT RUN","docs/assessment/test-case-sheet.csv; docs/evidence/ui-admin-inventory-final.png; docs/evidence/ui-admin-renewal.png","Registration/allocation/return/renewal were exercised; edit/maintenance/retirement remain unverified in UI."
"G-031","UI compliance","Compliance page shows expired/expiring licenses and idle assets.","PASS","docs/evidence/ui-compliance-alerts-final.png; docs/evidence/local-run.log","UI shows license, warranty, idle, and missing-date categories from CAP."
"G-032","UI states/accessibility","Accessible labels and required states/alerts are present and alerts do not rely only on color.","NOT RUN","docs/evidence/ui-a11y-audit.json; docs/evidence/ui-compliance-alerts-final.png","Scoped axe audit had zero violations on Compliance page; complete state/keyboard review not done."
"G-033","UI integration","SAPUI5 calls real CAP service, not disconnected mock records.","PASS","docs/evidence/local-run.log; docs/evidence/ui-admin-allocation-history.png; docs/evidence/ui-compliance-alerts-final.png","Local CAP OData reads and writes are visible in logs."
"G-034","Persistence","Browser refresh retains created changes and allocation history.","PASS","docs/evidence/ui-admin-persisted-detail.png; docs/evidence/local-run.log","Data was visible after browser refresh and re-sign-in."
"G-035","Demo data","Seed covers required statuses, license dates, idle assets, history, and employee identities.","PASS","db/seed.js; docs/evidence/backend-tests.log; docs/evidence/ui-admin-inventory-final.png","Seed source and runtime inventory cover representative scenarios."
"G-036","Demo data","Date-sensitive scenarios remain reproducible as current date changes.","PASS","db/seed.js; test/asset-lifecycle.test.js; docs/evidence/backend-tests.log","Seed dates are business-date-relative; tests use fixed 2026-09-28."
"G-037","Testing","Automated backend/integration tests cover lifecycle/security/validation/compliance.","PASS","test/asset-lifecycle.test.js; docs/evidence/backend-tests.log","Ten HTTP integration tests passed."
"G-038","Testing","Date-sensitive tests use a controlled clock and cover boundaries.","PASS","test/asset-lifecycle.test.js; docs/evidence/backend-tests.log","Fixed date tests include expiry and idle boundaries."
"G-039","Testing","Concurrent allocation is tested with local SQLite adapter.","PASS","test/asset-lifecycle.test.js; docs/evidence/backend-tests.log","SQLite adapter was tested with an isolated in-memory test database."
"G-040","Browser verification","Critical authorized workflows are exercised in browser.","NOT RUN","docs/assessment/test-case-sheet.csv; docs/evidence/ui-admin-allocation-history.png; docs/evidence/ui-admin-renewal.png","Purchase/allocation/return/renewal and role views were exercised; UI retirement/maintenance remain untested."
"G-041","Independent review","Independent post-repair review verifies access/lifecycle/evidence findings.","NOT RUN","docs/assessment/execution-evidence.md","Initial review findings were repaired; final reviewer retest is outstanding."
"G-042","Deliverables","Overview document contains objective, scope, roles, architecture, assumptions, flow.","PASS","docs/assessment/project-overview.md","Overview artifact exists."
"G-043","Deliverables","Data model document covers required entities, keys, relationship, rules, additions.","PASS","docs/assessment/assumptions-and-data-model.md; db/schema.cds","Document and implementation are present."
"G-044","Deliverables","Service definition source and usage explanation are delivered.","PASS","srv/asset-management-service.cds; docs/assessment/service-definition.md","Actual service CDS path is used."
"G-045","Deliverables","Three-sprint plan maps all four phases and five-day schedule.","PASS","docs/assessment/agile-sprint-plan.md","Sprint plan artifact exists."
"G-046","Deliverables","Test case sheet records requirement, scenario, steps, result, status, evidence.","PASS","docs/assessment/test-case-sheet.csv","Executed cases record actual results; remaining cases are marked NOT RUN or BLOCKED."
"G-047","Deliverables","Cloud Foundry deployment instructions cover prerequisites/build/roles/troubleshooting.","PASS","docs/deployment.md; mta.yaml; xs-security.json","Guide/config are prepared; actual deployment is not claimed."
"G-048","Deliverables","Build Code prompt log records exact prompt and actual result/corrections/validation.","BLOCKED","docs/assessment/build-code-prompt-log.md","Read-only Joule prompt was submitted but remained Thinking; no result/code generation is available."
"G-049","Deliverables","Execution evidence is indexed with authentic screenshots/logs/results.","PASS","docs/assessment/execution-evidence.md; docs/evidence/","Evidence index links local logs/screenshots and calls out remaining gaps."
"G-050","Deliverables","README covers setup/dependencies/configuration/users/tests/document links.","PASS","README.md","README covers the local workflow and required docs."
"G-051","SAP environment","This application is implemented and evidenced in BAS.","NOT RUN","docs/evidence/environment-inspection.txt; docs/assessment/execution-evidence.md","BAS was inspected, but the task app was not implemented or run there."
"G-052","SAP environment","This application is implemented with actual Build Code prompts and evidence.","BLOCKED","docs/assessment/build-code-prompt-log.md","Joule search is pending; code generation/implementation and validation are not evidenced."
"G-053","Execution","Application is run, UI opened, output shown with authentic evidence.","PASS","http://localhost:4004/; docs/evidence/local-run.log; docs/evidence/ui-admin-inventory-final.png; docs/evidence/ui-compliance-alerts-final.png","Local CAP/UI workflows were opened and captured."
"G-054","Deployment","Cloud Foundry configuration/guide is verified for selected target.","NOT RUN","mta.yaml; docs/deployment.md; xs-security.json","Guide/config exist; service-plan entitlements and final UI bundle packaging are unchecked."
"G-055","Deployment","Actual CF deployment/roles/runtime occur when authorized access is available.","NOT RUN","docs/deployment.md; docs/assessment/execution-evidence.md","Authenticated target was observed; no deployment or cloud smoke test was performed."
"G-056","Documentation accuracy","Current official SAP sources are consulted for relevant CAP/UI5/CF/auth/database decisions.","NOT RUN","docs/assessment/execution-evidence.md","CAP SQLite and SAPUI5 accessibility guidance were consulted; broader source review/index remains incomplete."
"G-057","Assessment control","No permanent assessment submission is performed by implementation workflow.","PASS","docs/assessment/execution-evidence.md; README.md","No Finish Test or submission action was taken."
"G-058","Final readiness","Final readiness is evidence-backed with no unsupported score/pass claim.","BLOCKED","docs/assessment/requirement-evidence-matrix.csv; docs/assessment/execution-evidence.md","BAS/Build Code, final bundle, remaining UI tests, final review, and cloud deployment remain incomplete."
"G-059","Requirement traceability","Assessment requirements and boundary checks map to reproducible evidence.","NOT RUN","docs/assessment/requirement-evidence-matrix.csv; docs/assessment/test-case-sheet.csv","A complete final traceability audit remains outstanding."
"G-060","Documentation consistency","Deliverables agree with implementation, service, authorization, dates, deployment state.","NOT RUN","README.md; docs/assessment/; docs/deployment.md","Several evidence records were updated; comprehensive final cross-document review remains outstanding."
